Epoch,date,Account,Pool,Operation,Amount,Staked Balance,Rewards Ⓝ,Rate NEAR/USD,Rewards in USD,Unstaked Balance,Can Withdraw
57556277,2022-01-17 23:01,jakov-shardlabs.near,shardlabs.poolv1.near,,,8.00,0.00,20.06,0.00,0.00,N/A
57599477,2022-01-18 15:01,jakov-shardlabs.near,shardlabs.poolv1.near,,,8.00,0.00,17.77,0.00,0.00,N/A
57642677,2022-01-19 06:01,jakov-shardlabs.near,shardlabs.poolv1.near,,,8.00,0.00,17.72,0.00,0.00,N/A
57685877,2022-01-19 21:01,jakov-shardlabs.near,shardlabs.poolv1.near,,,9.30,1.30,17.72,23.04,0.00,N/A
57729077,2022-01-20 14:01,jakov-shardlabs.near,shardlabs.poolv1.near,,,9.30,0.00,16.21,0.00,0.00,N/A
57772277,2022-01-21 05:01,jakov-shardlabs.near,shardlabs.poolv1.near,,,10.53,1.23,15.25,18.76,0.00,N/A
57815477,2022-01-21 21:01,jakov-shardlabs.near,shardlabs.poolv1.near,,,10.53,0.00,15.25,0.00,0.00,N/A
57858677,2022-01-22 12:01,jakov-shardlabs.near,shardlabs.poolv1.near,,,10.53,0.00,13.14,0.00,0.00,N/A
57901877,2022-01-23 03:01,jakov-shardlabs.near,shardlabs.poolv1.near,,,11.66,1.13,11.36,12.84,0.00,N/A
57945077,2022-01-23 18:01,jakov-shardlabs.near,shardlabs.poolv1.near,,,11.66,0.00,11.36,0.00,0.00,N/A
57988277,2022-01-24 08:01,jakov-shardlabs.near,shardlabs.poolv1.near,,,14.02,2.36,11.73,27.68,0.00,N/A
58031477,2022-01-24 23:01,jakov-shardlabs.near,shardlabs.poolv1.near,,,15.16,1.14,11.73,13.37,0.00,N/A
58074677,2022-01-25 14:01,jakov-shardlabs.near,shardlabs.poolv1.near,,,16.27,1.11,10.72,11.90,0.00,N/A
58117877,2022-01-26 05:01,jakov-shardlabs.near,shardlabs.poolv1.near,,,17.42,1.15,12.16,13.98,0.00,N/A
58161077,2022-01-26 20:01,jakov-shardlabs.near,shardlabs.poolv1.near,,,18.54,1.12,12.16,13.62,0.00,N/A
58204277,2022-01-27 11:01,jakov-shardlabs.near,shardlabs.poolv1.near,,,19.67,1.13,11.31,12.78,0.00,N/A
58247477,2022-01-28 02:01,jakov-shardlabs.near,shardlabs.poolv1.near,,,20.80,1.13,10.56,11.93,0.00,N/A
58290677,2022-01-28 16:01,jakov-shardlabs.near,shardlabs.poolv1.near,,,20.80,0.00,10.56,0.00,0.00,N/A
58333877,2022-01-29 07:01,jakov-shardlabs.near,shardlabs.poolv1.near,,,20.80,0.00,10.79,0.00,0.00,N/A
58377077,2022-01-29 22:01,jakov-shardlabs.near,shardlabs.poolv1.near,,,24.24,3.44,10.79,37.10,0.00,N/A
58420277,2022-01-30 13:01,jakov-shardlabs.near,shardlabs.poolv1.near,,,25.37,1.13,11.06,12.50,0.00,N/A
58463477,2022-01-31 04:01,jakov-shardlabs.near,shardlabs.poolv1.near,,,26.52,1.15,10.35,11.90,0.00,N/A
58506677,2022-01-31 19:01,jakov-shardlabs.near,shardlabs.poolv1.near,,,27.67,1.15,10.35,11.90,0.00,N/A
58549877,2022-02-01 10:02,jakov-shardlabs.near,shardlabs.poolv1.near,,,Ⓝ20.82,8.00,1.15,11.13,12.80,20.82,No
58593077,2022-02-02 01:02,jakov-shardlabs.near,shardlabs.poolv1.near,,,8.00,0.00,11.23,0.00,20.82,No
58636277,2022-02-02 15:02,jakov-shardlabs.near,shardlabs.poolv1.near,,,10.31,2.31,11.23,25.95,20.82,No
58679477,2022-02-03 06:02,jakov-shardlabs.near,shardlabs.poolv1.near,,,11.47,1.16,11.07,12.84,20.82,No
58722677,2022-02-03 21:02,jakov-shardlabs.near,shardlabs.poolv1.near,,,N/A,12.63,1.16,11.07,12.84,0.00,N/A
58765877,2022-02-04 12:02,jakov-shardlabs.near,shardlabs.poolv1.near,,,13.94,1.31,10.92,14.30,0.00,N/A
58809077,2022-02-05 03:02,jakov-shardlabs.near,shardlabs.poolv1.near,,,15.26,1.32,13.04,17.21,0.00,N/A
58852277,2022-02-05 19:02,jakov-shardlabs.near,shardlabs.poolv1.near,,,16.63,1.37,13.04,17.86,0.00,N/A
58895477,2022-02-06 09:02,jakov-shardlabs.near,shardlabs.poolv1.near,,,18.01,1.38,12.87,17.77,0.00,N/A
58938677,2022-02-07 01:02,jakov-shardlabs.near,shardlabs.poolv1.near,,,19.36,1.35,13.52,18.26,0.00,N/A
58981877,2022-02-07 15:02,jakov-shardlabs.near,shardlabs.poolv1.near,,,20.74,1.38,13.52,18.66,0.00,N/A
59025077,2022-02-08 06:02,jakov-shardlabs.near,shardlabs.poolv1.near,,,22.09,1.35,13.51,18.24,0.00,N/A
59068277,2022-02-08 21:02,jakov-shardlabs.near,shardlabs.poolv1.near,,,23.44,1.35,13.51,18.24,0.00,N/A
59111477,2022-02-09 12:02,jakov-shardlabs.near,shardlabs.poolv1.near,,,24.79,1.35,12.81,17.30,0.00,N/A
59154677,2022-02-10 03:02,jakov-shardlabs.near,shardlabs.poolv1.near,,,26.14,1.35,12.99,17.54,0.00,N/A
59197877,2022-02-10 18:02,jakov-shardlabs.near,shardlabs.poolv1.near,,,27.48,1.34,12.99,17.41,0.00,N/A
59241077,2022-02-11 08:02,jakov-shardlabs.near,shardlabs.poolv1.near,,,28.83,1.35,11.82,15.96,0.00,N/A
59284277,2022-02-11 23:02,jakov-shardlabs.near,shardlabs.poolv1.near,,,30.16,1.33,11.82,15.73,0.00,N/A
59327477,2022-02-12 14:02,jakov-shardlabs.near,shardlabs.poolv1.near,,,31.50,1.34,10.87,14.57,0.00,N/A
59370677,2022-02-13 05:02,jakov-shardlabs.near,shardlabs.poolv1.near,,,32.82,1.32,10.78,14.23,0.00,N/A
59413877,2022-02-13 19:02,jakov-shardlabs.near,shardlabs.poolv1.near,,,34.15,1.33,10.78,14.33,0.00,N/A
59457077,2022-02-14 10:02,jakov-shardlabs.near,shardlabs.poolv1.near,,,35.47,1.32,10.42,13.76,0.00,N/A
59500277,2022-02-15 01:02,jakov-shardlabs.near,shardlabs.poolv1.near,,,37.04,1.57,10.53,16.54,0.00,N/A
59543477,2022-02-15 16:02,jakov-shardlabs.near,shardlabs.poolv1.near,,,38.60,1.56,10.53,16.43,0.00,N/A
59586677,2022-02-16 07:02,jakov-shardlabs.near,shardlabs.poolv1.near,,,40.18,1.58,11.51,18.18,0.00,N/A
59629877,2022-02-16 22:02,jakov-shardlabs.near,shardlabs.poolv1.near,,,41.75,1.57,11.51,18.07,0.00,N/A
59673077,2022-02-17 13:02,jakov-shardlabs.near,shardlabs.poolv1.near,,,43.37,1.62,11.21,18.16,0.00,N/A
59716278,2022-02-18 05:02,jakov-shardlabs.near,shardlabs.poolv1.near,,,45.01,1.64,10.45,17.13,0.00,N/A
59759478,2022-02-18 21:02,jakov-shardlabs.near,shardlabs.poolv1.near,,,46.67,1.66,10.45,17.34,0.00,N/A
59802678,2022-02-19 13:02,jakov-shardlabs.near,shardlabs.poolv1.near,,,48.37,1.70,10.29,17.50,0.00,N/A
59845878,2022-02-20 06:02,jakov-shardlabs.near,shardlabs.poolv1.near,,,50.09,1.72,10.06,17.31,0.00,N/A
59889078,2022-02-20 22:02,jakov-shardlabs.near,shardlabs.poolv1.near,,,50.09,0.00,10.06,0.00,0.00,N/A
59932278,2022-02-21 13:02,jakov-shardlabs.near,shardlabs.poolv1.near,,,51.81,1.72,9.31,16.02,0.00,N/A
59975478,2022-02-22 05:02,jakov-shardlabs.near,shardlabs.poolv1.near,,,51.81,0.00,8.56,0.00,0.00,N/A
60018678,2022-02-22 20:02,jakov-shardlabs.near,shardlabs.poolv1.near,,,53.63,1.82,8.56,15.58,0.00,N/A
60061878,2022-02-23 11:02,jakov-shardlabs.near,shardlabs.poolv1.near,,,55.25,1.62,8.97,14.53,0.00,N/A
60105078,2022-02-24 02:02,jakov-shardlabs.near,shardlabs.poolv1.near,,,56.83,1.58,8.59,13.57,0.00,N/A
60148278,2022-02-24 17:02,jakov-shardlabs.near,shardlabs.poolv1.near,,,58.45,1.62,8.59,13.91,0.00,N/A
60191478,2022-02-25 08:02,jakov-shardlabs.near,shardlabs.poolv1.near,,,60.04,1.59,8.49,13.49,0.00,N/A
60234678,2022-02-25 23:02,jakov-shardlabs.near,shardlabs.poolv1.near,,,61.62,1.58,8.49,13.41,0.00,N/A
60277878,2022-02-26 14:02,jakov-shardlabs.near,shardlabs.poolv1.near,,,63.21,1.59,8.95,14.23,0.00,N/A
60321078,2022-02-27 05:02,jakov-shardlabs.near,shardlabs.poolv1.near,,,64.78,1.57,9.11,14.30,0.00,N/A
60364278,2022-02-27 20:02,jakov-shardlabs.near,shardlabs.poolv1.near,,,66.33,1.55,9.11,14.12,0.00,N/A
60407479,2022-02-28 11:02,jakov-shardlabs.near,shardlabs.poolv1.near,,,67.92,1.59,8.50,13.52,0.00,N/A
60450679,2022-03-01 01:03,jakov-shardlabs.near,shardlabs.poolv1.near,,,69.49,1.57,9.73,15.27,0.00,N/A
60493879,2022-03-01 16:03,jakov-shardlabs.near,shardlabs.poolv1.near,,,71.05,1.56,9.73,15.18,0.00,N/A
60537079,2022-03-02 07:03,jakov-shardlabs.near,shardlabs.poolv1.near,,,N/A,0.00,1.56,11.85,18.49,72.61,No
60580279,2022-03-02 22:03,jakov-shardlabs.near,shardlabs.poolv1.near,,,1.50,1.50,11.85,17.78,72.61,No
60623479,2022-03-03 13:03,jakov-shardlabs.near,shardlabs.poolv1.near,,,2.99,1.49,11.07,16.49,72.61,No
60666680,2022-03-04 04:03,jakov-shardlabs.near,shardlabs.poolv1.near,,,4.47,1.48,11.05,16.35,72.61,No
60709880,2022-03-04 19:03,jakov-shardlabs.near,shardlabs.poolv1.near,,,5.96,1.49,11.05,16.46,72.61,Yes
60753080,2022-03-05 10:03,jakov-shardlabs.near,shardlabs.poolv1.near,,,7.45,1.49,10.42,15.53,72.61,Yes
60796280,2022-03-06 01:03,jakov-shardlabs.near,shardlabs.poolv1.near,,,8.94,1.49,10.51,15.66,72.61,Yes
60839480,2022-03-06 16:03,jakov-shardlabs.near,shardlabs.poolv1.near,,,N/A,10.41,1.47,10.51,15.45,0.00,N/A
60882680,2022-03-07 07:03,jakov-shardlabs.near,shardlabs.poolv1.near,,,11.89,1.48,10.20,15.10,0.00,N/A
60925880,2022-03-07 23:03,jakov-shardlabs.near,shardlabs.poolv1.near,,,13.36,1.47,10.20,15.00,0.00,N/A
60969080,2022-03-08 13:03,jakov-shardlabs.near,shardlabs.poolv1.near,,,14.85,1.49,9.71,14.47,0.00,N/A
61012280,2022-03-09 05:03,jakov-shardlabs.near,shardlabs.poolv1.near,,,16.31,1.46,9.72,14.20,0.00,N/A
61055480,2022-03-09 20:03,jakov-shardlabs.near,shardlabs.poolv1.near,,,17.82,1.51,9.72,14.68,0.00,N/A
61098680,2022-03-10 11:03,jakov-shardlabs.near,shardlabs.poolv1.near,,,19.31,1.49,11.64,17.34,0.00,N/A
61141880,2022-03-11 02:03,jakov-shardlabs.near,shardlabs.poolv1.near,,,20.81,1.50,11.06,16.60,0.00,N/A
61185080,2022-03-11 17:03,jakov-shardlabs.near,shardlabs.poolv1.near,,,22.30,1.49,11.06,16.49,0.00,N/A
61228280,2022-03-12 08:03,jakov-shardlabs.near,shardlabs.poolv1.near,,,23.79,1.49,10.26,15.28,0.00,N/A
61271480,2022-03-12 23:03,jakov-shardlabs.near,shardlabs.poolv1.near,,,25.34,1.55,10.26,15.90,0.00,N/A
61314680,2022-03-13 15:03,jakov-shardlabs.near,shardlabs.poolv1.near,,,26.89,1.55,10.36,16.05,0.00,N/A
61357880,2022-03-14 06:03,jakov-shardlabs.near,shardlabs.poolv1.near,,,28.46,1.57,9.89,15.52,0.00,N/A
61401080,2022-03-14 22:03,jakov-shardlabs.near,shardlabs.poolv1.near,,,30.05,1.59,9.89,15.72,0.00,N/A
61444280,2022-03-15 14:03,jakov-shardlabs.near,shardlabs.poolv1.near,,,31.69,1.64,10.14,16.64,0.00,N/A
61487480,2022-03-16 05:03,jakov-shardlabs.near,shardlabs.poolv1.near,,,33.32,1.63,10.12,16.50,0.00,N/A
61530680,2022-03-16 22:03,jakov-shardlabs.near,shardlabs.poolv1.near,,,34.99,1.67,10.12,16.91,0.00,N/A
61573880,2022-03-17 14:03,jakov-shardlabs.near,shardlabs.poolv1.near,,,35.08,0.09,10.82,0.97,0.00,N/A
61617080,2022-03-18 06:03,jakov-shardlabs.near,shardlabs.poolv1.near,,,36.97,1.89,10.74,20.29,0.00,N/A
61660280,2022-03-18 22:03,jakov-shardlabs.near,shardlabs.poolv1.near,,,38.97,2.00,10.74,21.47,0.00,N/A
61703480,2022-03-19 14:03,jakov-shardlabs.near,shardlabs.poolv1.near,,,40.88,1.91,11.41,21.80,0.00,N/A
61746680,2022-03-20 06:03,jakov-shardlabs.near,shardlabs.poolv1.near,,,42.73,1.85,11.29,20.89,0.00,N/A
61789880,2022-03-20 22:03,jakov-shardlabs.near,shardlabs.poolv1.near,,,44.64,1.91,11.29,21.57,0.00,N/A
61833080,2022-03-21 15:03,jakov-shardlabs.near,shardlabs.poolv1.near,,,46.52,1.88,10.64,20.00,0.00,N/A
61876280,2022-03-22 07:03,jakov-shardlabs.near,shardlabs.poolv1.near,,,48.54,2.02,10.87,21.96,0.00,N/A
61919481,2022-03-22 23:03,jakov-shardlabs.near,shardlabs.poolv1.near,,,50.39,1.85,10.87,20.11,0.00,N/A
61962681,2022-03-23 14:03,jakov-shardlabs.near,shardlabs.poolv1.near,,,52.31,1.92,11.05,21.21,0.00,N/A
62005881,2022-03-24 06:03,jakov-shardlabs.near,shardlabs.poolv1.near,,,54.16,1.85,12.48,23.09,0.00,N/A
62049081,2022-03-24 21:03,jakov-shardlabs.near,shardlabs.poolv1.near,,,56.02,1.86,12.48,23.22,0.00,N/A
62092281,2022-03-25 12:03,jakov-shardlabs.near,shardlabs.poolv1.near,,,57.80,1.78,12.89,22.94,0.00,N/A
62135481,2022-03-26 03:03,jakov-shardlabs.near,shardlabs.poolv1.near,,,59.65,1.85,12.23,22.62,0.00,N/A
62178681,2022-03-26 18:03,jakov-shardlabs.near,shardlabs.poolv1.near,,,61.44,1.79,12.23,21.89,0.00,N/A
62221881,2022-03-27 09:03,jakov-shardlabs.near,shardlabs.poolv1.near,,,63.24,1.80,12.71,22.89,0.00,N/A
62265081,2022-03-28 00:03,jakov-shardlabs.near,shardlabs.poolv1.near,,,65.00,1.76,13.16,23.17,0.00,N/A
62308281,2022-03-28 15:03,jakov-shardlabs.near,shardlabs.poolv1.near,,,66.80,1.80,13.16,23.70,0.00,N/A
62351481,2022-03-29 07:03,jakov-shardlabs.near,shardlabs.poolv1.near,,,68.62,1.82,12.59,22.91,0.00,N/A
62394681,2022-03-29 22:03,jakov-shardlabs.near,shardlabs.poolv1.near,,,70.47,1.85,12.59,23.28,0.00,N/A
62437881,2022-03-30 14:03,jakov-shardlabs.near,shardlabs.poolv1.near,,,72.32,1.85,14.12,26.11,0.00,N/A
62481081,2022-03-31 05:03,jakov-shardlabs.near,shardlabs.poolv1.near,,,74.19,1.87,14.03,26.23,0.00,N/A
62524281,2022-03-31 20:03,jakov-shardlabs.near,shardlabs.poolv1.near,,,76.06,1.87,14.03,26.23,0.00,N/A
62567481,2022-04-01 11:04,jakov-shardlabs.near,shardlabs.poolv1.near,,,77.91,1.85,13.20,24.42,0.00,N/A
62610681,2022-04-02 02:04,jakov-shardlabs.near,shardlabs.poolv1.near,,,79.74,1.83,14.63,26.77,0.00,N/A
62653881,2022-04-02 17:04,jakov-shardlabs.near,shardlabs.poolv1.near,,,N/A,0.00,1.84,14.63,26.92,81.58,No
62697081,2022-04-03 08:04,jakov-shardlabs.near,shardlabs.poolv1.near,,,1.82,1.82,14.80,26.94,81.58,No
62740281,2022-04-04 00:04,jakov-shardlabs.near,shardlabs.poolv1.near,,,3.72,1.90,16.77,31.87,81.58,No
62783481,2022-04-04 15:04,jakov-shardlabs.near,shardlabs.poolv1.near,,,5.62,1.90,16.77,31.87,81.58,No
62826681,2022-04-05 06:04,jakov-shardlabs.near,shardlabs.poolv1.near,,,N/A,7.45,1.83,17.16,31.41,0.00,N/A
62869881,2022-04-05 21:04,jakov-shardlabs.near,shardlabs.poolv1.near,,,9.27,1.82,17.16,31.24,0.00,N/A
62913081,2022-04-06 12:04,jakov-shardlabs.near,shardlabs.poolv1.near,,,11.14,1.87,16.10,30.11,0.00,N/A
62956281,2022-04-07 03:04,jakov-shardlabs.near,shardlabs.poolv1.near,,,12.99,1.85,15.24,28.20,0.00,N/A
62999481,2022-04-07 18:04,jakov-shardlabs.near,shardlabs.poolv1.near,,,14.85,1.86,15.24,28.35,0.00,N/A
63042681,2022-04-08 09:04,jakov-shardlabs.near,shardlabs.poolv1.near,,,16.67,1.82,17.43,31.72,0.00,N/A
63085881,2022-04-09 00:04,jakov-shardlabs.near,shardlabs.poolv1.near,,,18.54,1.87,17.56,32.84,0.00,N/A
63129081,2022-04-09 15:04,jakov-shardlabs.near,shardlabs.poolv1.near,,,20.35,1.81,17.56,31.78,0.00,N/A
63172281,2022-04-10 06:04,jakov-shardlabs.near,shardlabs.poolv1.near,,,22.19,1.84,17.44,32.09,0.00,N/A
63215481,2022-04-10 21:04,jakov-shardlabs.near,shardlabs.poolv1.near,,,24.01,1.82,17.44,31.74,0.00,N/A
63258681,2022-04-11 12:04,jakov-shardlabs.near,shardlabs.poolv1.near,,,25.76,1.75,15.81,27.67,0.00,N/A
63301881,2022-04-12 03:04,jakov-shardlabs.near,shardlabs.poolv1.near,,,27.54,1.78,15.96,28.41,0.00,N/A
63345082,2022-04-12 17:04,jakov-shardlabs.near,shardlabs.poolv1.near,,,29.32,1.78,15.96,28.41,0.00,N/A
63388282,2022-04-13 08:04,jakov-shardlabs.near,shardlabs.poolv1.near,,,31.07,1.75,16.57,29.00,0.00,N/A
63431482,2022-04-13 23:04,jakov-shardlabs.near,shardlabs.poolv1.near,,,32.84,1.77,16.57,29.33,0.00,N/A
63474682,2022-04-14 14:04,jakov-shardlabs.near,shardlabs.poolv1.near,,,34.60,1.76,16.86,29.67,0.00,N/A
63517882,2022-04-15 05:04,jakov-shardlabs.near,shardlabs.poolv1.near,,,36.36,1.76,16.39,28.84,0.00,N/A
63561082,2022-04-15 19:04,jakov-shardlabs.near,shardlabs.poolv1.near,,,38.12,1.76,16.39,28.84,0.00,N/A
63604282,2022-04-16 10:04,jakov-shardlabs.near,shardlabs.poolv1.near,,,39.89,1.77,16.00,28.32,0.00,N/A
63647482,2022-04-17 01:04,jakov-shardlabs.near,shardlabs.poolv1.near,,,41.64,1.75,15.97,27.95,0.00,N/A
63690682,2022-04-17 17:04,jakov-shardlabs.near,shardlabs.poolv1.near,,,43.47,1.83,15.97,29.23,0.00,N/A
63733882,2022-04-18 08:04,jakov-shardlabs.near,shardlabs.poolv1.near,,,45.41,1.94,15.72,30.50,0.00,N/A
63777085,2022-04-19 00:04,jakov-shardlabs.near,shardlabs.poolv1.near,,,47.35,1.94,16.24,31.50,0.00,N/A
63820285,2022-04-19 14:04,jakov-shardlabs.near,shardlabs.poolv1.near,,,49.24,1.89,16.24,30.69,0.00,N/A
63863485,2022-04-20 05:04,jakov-shardlabs.near,shardlabs.poolv1.near,,,51.07,1.83,17.41,31.85,0.00,N/A
63906685,2022-04-20 20:04,jakov-shardlabs.near,shardlabs.poolv1.near,,,52.90,1.83,17.41,31.85,0.00,N/A
63949885,2022-04-21 11:04,jakov-shardlabs.near,shardlabs.poolv1.near,,,54.73,1.83,16.64,30.45,0.00,N/A
63993085,2022-04-22 02:04,jakov-shardlabs.near,shardlabs.poolv1.near,,,56.55,1.82,15.58,28.35,0.00,N/A
64036285,2022-04-22 17:04,jakov-shardlabs.near,shardlabs.poolv1.near,,,58.43,1.88,15.58,29.28,0.00,N/A
64079485,2022-04-23 08:04,jakov-shardlabs.near,shardlabs.poolv1.near,,,60.27,1.84,15.60,28.71,0.00,N/A
64122685,2022-04-23 23:04,jakov-shardlabs.near,shardlabs.poolv1.near,,,62.13,1.86,15.60,29.02,0.00,N/A
64165885,2022-04-24 14:04,jakov-shardlabs.near,shardlabs.poolv1.near,,,63.98,1.85,15.34,28.38,0.00,N/A
64209085,2022-04-25 05:04,jakov-shardlabs.near,shardlabs.poolv1.near,,,65.86,1.88,15.04,28.27,0.00,N/A
64252285,2022-04-25 20:04,jakov-shardlabs.near,shardlabs.poolv1.near,,,67.76,1.90,15.04,28.57,0.00,N/A
64295485,2022-04-26 11:04,jakov-shardlabs.near,shardlabs.poolv1.near,,,69.68,1.92,14.29,27.44,0.00,N/A
64338685,2022-04-27 03:04,jakov-shardlabs.near,shardlabs.poolv1.near,,,71.53,1.85,12.62,23.35,0.00,N/A
64381885,2022-04-27 18:04,jakov-shardlabs.near,shardlabs.poolv1.near,,,73.46,1.93,12.62,24.36,0.00,N/A
64425085,2022-04-28 09:04,jakov-shardlabs.near,shardlabs.poolv1.near,,,75.37,1.91,12.84,24.52,0.00,N/A
64468285,2022-04-29 01:04,jakov-shardlabs.near,shardlabs.poolv1.near,,,77.33,1.96,12.39,24.29,0.00,N/A
64511485,2022-04-29 16:04,jakov-shardlabs.near,shardlabs.poolv1.near,,,79.24,1.91,12.39,23.67,0.00,N/A
64554685,2022-04-30 08:04,jakov-shardlabs.near,shardlabs.poolv1.near,,,81.24,2.00,11.28,22.56,0.00,N/A
64597885,2022-04-30 23:04,jakov-shardlabs.near,shardlabs.poolv1.near,,,83.21,1.97,11.28,22.22,0.00,N/A
64641085,2022-05-01 15:05,jakov-shardlabs.near,shardlabs.poolv1.near,,,85.23,2.02,10.37,20.96,0.00,N/A
64684285,2022-05-02 06:05,jakov-shardlabs.near,shardlabs.poolv1.near,,,87.20,1.97,11.85,23.35,0.00,N/A
64727485,2022-05-02 22:05,jakov-shardlabs.near,shardlabs.poolv1.near,,,89.24,2.04,11.85,24.18,0.00,N/A
64770685,2022-05-03 14:05,jakov-shardlabs.near,shardlabs.poolv1.near,,,91.28,2.04,11.76,24.00,0.00,N/A
64813885,2022-05-04 05:05,jakov-shardlabs.near,shardlabs.poolv1.near,,,93.35,2.07,11.93,24.70,0.00,N/A
64857085,2022-05-04 20:05,jakov-shardlabs.near,shardlabs.poolv1.near,,,95.31,1.96,11.93,23.39,0.00,N/A
64900285,2022-05-05 11:05,jakov-shardlabs.near,shardlabs.poolv1.near,,,97.21,1.90,13.00,24.69,0.00,N/A
64943485,2022-05-06 02:05,jakov-shardlabs.near,shardlabs.poolv1.near,,,99.21,2.00,11.24,22.48,0.00,N/A
64986685,2022-05-06 17:05,jakov-shardlabs.near,shardlabs.poolv1.near,,,101.20,1.99,11.24,22.37,0.00,N/A
65029885,2022-05-07 08:05,jakov-shardlabs.near,shardlabs.poolv1.near,,,103.15,1.95,10.83,21.11,0.00,N/A
65073085,2022-05-07 23:05,jakov-shardlabs.near,shardlabs.poolv1.near,,,105.11,1.96,10.83,21.22,0.00,N/A
65116285,2022-05-08 14:05,jakov-shardlabs.near,shardlabs.poolv1.near,,,107.02,1.91,10.47,19.99,0.00,N/A
65159485,2022-05-09 04:05,jakov-shardlabs.near,shardlabs.poolv1.near,,,108.99,1.97,11.17,22.00,0.00,N/A
65202685,2022-05-09 20:05,jakov-shardlabs.near,shardlabs.poolv1.near,,,110.92,1.93,11.17,21.56,0.00,N/A
65245885,2022-05-10 11:05,jakov-shardlabs.near,shardlabs.poolv1.near,,,112.95,2.03,9.53,19.35,0.00,N/A
65289086,2022-05-11 02:05,jakov-shardlabs.near,shardlabs.poolv1.near,,,114.91,1.96,9.61,18.84,0.00,N/A
65332286,2022-05-11 18:05,jakov-shardlabs.near,shardlabs.poolv1.near,,,116.94,2.03,9.61,19.52,0.00,N/A
65375486,2022-05-12 09:05,jakov-shardlabs.near,shardlabs.poolv1.near,,,119.02,2.08,6.36,13.22,0.00,N/A
65418686,2022-05-13 00:05,jakov-shardlabs.near,shardlabs.poolv1.near,,,121.05,2.03,6.43,13.05,0.00,N/A
65461886,2022-05-13 15:05,jakov-shardlabs.near,shardlabs.poolv1.near,,,123.08,2.03,6.43,13.05,0.00,N/A
65505086,2022-05-14 06:05,jakov-shardlabs.near,shardlabs.poolv1.near,,,125.08,2.00,6.52,13.04,0.00,N/A
65548289,2022-05-14 21:05,jakov-shardlabs.near,shardlabs.poolv1.near,,,126.99,1.91,6.52,12.46,0.00,N/A
65591489,2022-05-15 11:05,jakov-shardlabs.near,shardlabs.poolv1.near,,,128.93,1.94,6.72,13.03,0.00,N/A
65634689,2022-05-16 02:05,jakov-shardlabs.near,shardlabs.poolv1.near,,,130.79,1.86,7.36,13.69,0.00,N/A
65677889,2022-05-16 17:05,jakov-shardlabs.near,shardlabs.poolv1.near,,,132.67,1.88,7.36,13.84,0.00,N/A
65721089,2022-05-17 08:05,jakov-shardlabs.near,shardlabs.poolv1.near,,,134.53,1.86,6.53,12.14,0.00,N/A
65764289,2022-05-17 22:05,jakov-shardlabs.near,shardlabs.poolv1.near,,,136.41,1.88,6.53,12.27,0.00,N/A
65807489,2022-05-18 13:05,jakov-shardlabs.near,shardlabs.poolv1.near,,,138.29,1.88,6.68,12.56,0.00,N/A
65850689,2022-05-19 04:05,jakov-shardlabs.near,shardlabs.poolv1.near,,,140.17,1.88,5.90,11.08,0.00,N/A
65893889,2022-05-19 19:05,jakov-shardlabs.near,shardlabs.poolv1.near,,,142.08,1.91,5.90,11.26,0.00,N/A
65937089,2022-05-20 09:05,jakov-shardlabs.near,shardlabs.poolv1.near,,,143.97,1.89,6.13,11.58,0.00,N/A
65980289,2022-05-21 00:05,jakov-shardlabs.near,shardlabs.poolv1.near,,,145.82,1.85,5.77,10.68,0.00,N/A
66023489,2022-05-21 14:05,jakov-shardlabs.near,shardlabs.poolv1.near,,,147.67,1.85,5.77,10.68,0.00,N/A
66066689,2022-05-22 05:05,jakov-shardlabs.near,shardlabs.poolv1.near,,,149.50,1.83,6.14,11.24,0.00,N/A
66109889,2022-05-22 19:05,jakov-shardlabs.near,shardlabs.poolv1.near,,,151.33,1.83,6.14,11.24,0.00,N/A
66153089,2022-05-23 09:05,jakov-shardlabs.near,shardlabs.poolv1.near,,,153.17,1.84,6.26,11.52,0.00,N/A
66196289,2022-05-24 01:05,jakov-shardlabs.near,shardlabs.poolv1.near,,,155.03,1.86,5.82,10.83,0.00,N/A
66239489,2022-05-24 15:05,jakov-shardlabs.near,shardlabs.poolv1.near,,,156.96,1.93,5.82,11.24,0.00,N/A
66282689,2022-05-25 07:05,jakov-shardlabs.near,shardlabs.poolv1.near,,,158.87,1.91,5.97,11.41,0.00,N/A
66325889,2022-05-25 22:05,jakov-shardlabs.near,shardlabs.poolv1.near,,,160.92,2.05,5.97,12.25,0.00,N/A
66369089,2022-05-26 13:05,jakov-shardlabs.near,shardlabs.poolv1.near,,,162.81,1.89,5.74,10.85,0.00,N/A
66412289,2022-05-27 04:05,jakov-shardlabs.near,shardlabs.poolv1.near,,,164.77,1.96,5.25,10.30,0.00,N/A
66455489,2022-05-27 19:05,jakov-shardlabs.near,shardlabs.poolv1.near,,,166.81,2.04,5.25,10.72,0.00,N/A
66498689,2022-05-28 11:05,jakov-shardlabs.near,shardlabs.poolv1.near,,,167.98,1.17,4.79,5.60,0.00,N/A
66541889,2022-05-29 02:05,jakov-shardlabs.near,shardlabs.poolv1.near,,,169.98,2.00,5.01,10.03,0.00,N/A
66585089,2022-05-29 17:05,jakov-shardlabs.near,shardlabs.poolv1.near,,,171.95,1.97,5.01,9.88,0.00,N/A
66628289,2022-05-30 08:05,jakov-shardlabs.near,shardlabs.poolv1.near,,,173.91,1.96,5.18,10.15,0.00,N/A
66671489,2022-05-30 23:05,jakov-shardlabs.near,shardlabs.poolv1.near,,,175.88,1.97,5.18,10.20,0.00,N/A
66714689,2022-05-31 16:05,jakov-shardlabs.near,shardlabs.poolv1.near,,,177.90,2.02,5.76,11.63,0.00,N/A
66757889,2022-06-01 07:06,jakov-shardlabs.near,shardlabs.poolv1.near,,,180.01,2.11,5.95,12.55,0.00,N/A
66801089,2022-06-01 23:06,jakov-shardlabs.near,shardlabs.poolv1.near,,,182.04,2.03,5.95,12.07,0.00,N/A
66844289,2022-06-02 14:06,jakov-shardlabs.near,shardlabs.poolv1.near,,,184.09,2.05,5.35,10.97,0.00,N/A
66887489,2022-06-03 06:06,jakov-shardlabs.near,shardlabs.poolv1.near,,,186.11,2.02,5.61,11.33,0.00,N/A
66930689,2022-06-03 21:06,jakov-shardlabs.near,shardlabs.poolv1.near,,,N/A,0.00,2.05,5.61,11.50,188.16,No
66973889,2022-06-04 13:06,jakov-shardlabs.near,shardlabs.poolv1.near,,,2.00,2.00,5.25,10.50,188.16,No
67017089,2022-06-05 04:06,jakov-shardlabs.near,shardlabs.poolv1.near,,,3.99,1.99,5.33,10.61,188.16,No
67060289,2022-06-05 20:06,jakov-shardlabs.near,shardlabs.poolv1.near,,,5.96,1.97,5.33,10.51,188.16,No
67103489,2022-06-06 11:06,jakov-shardlabs.near,shardlabs.poolv1.near,,,N/A,7.93,1.97,5.33,10.50,0.00,N/A
67146689,2022-06-07 02:06,jakov-shardlabs.near,shardlabs.poolv1.near,,,9.88,1.95,5.49,10.71,0.00,N/A
67189889,2022-06-07 18:06,jakov-shardlabs.near,shardlabs.poolv1.near,,,11.88,2.00,5.49,10.99,0.00,N/A
67233089,2022-06-08 10:06,jakov-shardlabs.near,shardlabs.poolv1.near,,,13.85,1.97,5.21,10.27,0.00,N/A
67276289,2022-06-09 01:06,jakov-shardlabs.near,shardlabs.poolv1.near,,,13.85,0.00,5.08,0.00,0.00,N/A
67319489,2022-06-09 17:06,jakov-shardlabs.near,shardlabs.poolv1.near,,,13.85,0.00,5.08,0.00,0.00,N/A
67362689,2022-06-10 08:06,jakov-shardlabs.near,shardlabs.poolv1.near,,,13.85,0.00,5.08,0.00,0.00,N/A
67405889,2022-06-10 22:06,jakov-shardlabs.near,shardlabs.poolv1.near,,,13.85,0.00,5.08,0.00,0.00,N/A
67449089,2022-06-11 13:06,jakov-shardlabs.near,shardlabs.poolv1.near,,,13.85,0.00,4.50,0.00,0.00,N/A
67492289,2022-06-12 04:06,jakov-shardlabs.near,shardlabs.poolv1.near,,,13.85,0.00,4.08,0.00,0.00,N/A
67535489,2022-06-12 19:06,jakov-shardlabs.near,shardlabs.poolv1.near,,,13.85,0.00,4.08,0.00,0.00,N/A
67578689,2022-06-13 09:06,jakov-shardlabs.near,shardlabs.poolv1.near,,,13.85,0.00,3.73,0.00,0.00,N/A
67621889,2022-06-13 23:06,jakov-shardlabs.near,shardlabs.poolv1.near,,,14.95,1.10,3.73,4.11,0.00,N/A
67665089,2022-06-14 14:06,jakov-shardlabs.near,shardlabs.poolv1.near,,,14.95,0.00,3.50,0.00,0.00,N/A
67708289,2022-06-15 04:06,jakov-shardlabs.near,shardlabs.poolv1.near,,,16.41,1.46,3.40,4.96,0.00,N/A
67751489,2022-06-15 19:06,jakov-shardlabs.near,shardlabs.poolv1.near,,,17.87,1.46,3.40,4.96,0.00,N/A
67794689,2022-06-16 09:06,jakov-shardlabs.near,shardlabs.poolv1.near,,,19.34,1.47,3.83,5.63,0.00,N/A
67837889,2022-06-17 00:06,jakov-shardlabs.near,shardlabs.poolv1.near,,,20.81,1.47,3.19,4.70,0.00,N/A
67881089,2022-06-17 15:06,jakov-shardlabs.near,shardlabs.poolv1.near,,,22.30,1.49,3.19,4.76,0.00,N/A
67924289,2022-06-18 05:06,jakov-shardlabs.near,shardlabs.poolv1.near,,,23.78,1.48,3.38,5.01,0.00,N/A
67967489,2022-06-18 20:06,jakov-shardlabs.near,shardlabs.poolv1.near,,,25.25,1.47,3.38,4.97,0.00,N/A
68010689,2022-06-19 11:06,jakov-shardlabs.near,shardlabs.poolv1.near,,,26.75,1.50,3.10,4.65,0.00,N/A
68053889,2022-06-20 01:06,jakov-shardlabs.near,shardlabs.poolv1.near,,,28.26,1.51,3.28,4.96,0.00,N/A
68097089,2022-06-20 16:06,jakov-shardlabs.near,shardlabs.poolv1.near,,,29.76,1.50,3.28,4.92,0.00,N/A
68140289,2022-06-21 07:06,jakov-shardlabs.near,shardlabs.poolv1.near,,,31.25,1.49,3.43,5.11,0.00,N/A
68183489,2022-06-21 21:06,jakov-shardlabs.near,shardlabs.poolv1.near,,,32.75,1.50,3.43,5.14,0.00,N/A
68226689,2022-06-22 12:06,jakov-shardlabs.near,shardlabs.poolv1.near,,,34.26,1.51,3.51,5.30,0.00,N/A
68269889,2022-06-23 03:06,jakov-shardlabs.near,shardlabs.poolv1.near,,,35.79,1.53,3.28,5.01,0.00,N/A
68313089,2022-06-23 18:06,jakov-shardlabs.near,shardlabs.poolv1.near,,,37.44,1.65,3.28,5.41,0.00,N/A
68356289,2022-06-24 08:06,jakov-shardlabs.near,shardlabs.poolv1.near,,,39.08,1.64,3.56,5.84,0.00,N/A
68399489,2022-06-24 22:06,jakov-shardlabs.near,shardlabs.poolv1.near,,,40.71,1.63,3.56,5.80,0.00,N/A
68442689,2022-06-25 13:06,jakov-shardlabs.near,shardlabs.poolv1.near,,,42.34,1.63,4.01,6.53,0.00,N/A
68485889,2022-06-26 03:06,jakov-shardlabs.near,shardlabs.poolv1.near,,,43.99,1.65,4.17,6.88,0.00,N/A
68529089,2022-06-26 17:06,jakov-shardlabs.near,shardlabs.poolv1.near,,,45.61,1.62,4.17,6.75,0.00,N/A
68572289,2022-06-27 08:06,jakov-shardlabs.near,shardlabs.poolv1.near,,,47.24,1.63,3.80,6.19,0.00,N/A
68615489,2022-06-27 23:06,jakov-shardlabs.near,shardlabs.poolv1.near,,,48.89,1.65,3.80,6.26,0.00,N/A
68658689,2022-06-28 14:06,jakov-shardlabs.near,shardlabs.poolv1.near,,,50.67,1.78,3.74,6.65,0.00,N/A
68701889,2022-06-29 06:06,jakov-shardlabs.near,shardlabs.poolv1.near,,,52.37,1.70,3.41,5.80,0.00,N/A
68745089,2022-06-29 21:06,jakov-shardlabs.near,shardlabs.poolv1.near,,,54.17,1.80,3.41,6.14,0.00,N/A
68788289,2022-06-30 11:06,jakov-shardlabs.near,shardlabs.poolv1.near,,,55.97,1.80,3.41,6.14,0.00,N/A
68831489,2022-07-01 02:07,jakov-shardlabs.near,shardlabs.poolv1.near,,,57.64,1.67,3.31,5.52,0.00,N/A
68874689,2022-07-01 17:07,jakov-shardlabs.near,shardlabs.poolv1.near,,,59.35,1.71,3.31,5.65,0.00,N/A
68917889,2022-07-02 09:07,jakov-shardlabs.near,shardlabs.poolv1.near,,,61.09,1.74,3.38,5.87,0.00,N/A
68961089,2022-07-02 23:07,jakov-shardlabs.near,shardlabs.poolv1.near,,,62.85,1.76,3.38,5.94,0.00,N/A
69004289,2022-07-03 13:07,jakov-shardlabs.near,shardlabs.poolv1.near,,,N/A,0.00,1.66,3.32,5.50,64.51,No
69047489,2022-07-04 05:07,jakov-shardlabs.near,shardlabs.poolv1.near,,,1.64,1.64,3.33,5.46,64.51,No
69090689,2022-07-04 20:07,jakov-shardlabs.near,shardlabs.poolv1.near,,,3.39,1.75,3.33,5.82,64.51,No
69133889,2022-07-05 11:07,jakov-shardlabs.near,shardlabs.poolv1.near,,,5.15,1.76,3.52,6.19,64.51,No
69177089,2022-07-06 02:07,jakov-shardlabs.near,shardlabs.poolv1.near,,,N/A,6.87,1.72,3.39,5.84,0.00,N/A
69220289,2022-07-06 17:07,jakov-shardlabs.near,shardlabs.poolv1.near,,,8.57,1.70,3.39,5.77,0.00,N/A
69263489,2022-07-07 09:07,jakov-shardlabs.near,shardlabs.poolv1.near,,,10.42,1.85,3.50,6.48,0.00,N/A
69306689,2022-07-08 00:07,jakov-shardlabs.near,shardlabs.poolv1.near,,,12.23,1.81,3.72,6.74,0.00,N/A
69349889,2022-07-08 14:07,jakov-shardlabs.near,shardlabs.poolv1.near,,,13.96,1.73,3.72,6.44,0.00,N/A
69393089,2022-07-09 05:07,jakov-shardlabs.near,shardlabs.poolv1.near,,,15.62,1.66,3.64,6.04,0.00,N/A
69436289,2022-07-09 19:07,jakov-shardlabs.near,shardlabs.poolv1.near,,,17.28,1.66,3.64,6.04,0.00,N/A
69479489,2022-07-10 09:07,jakov-shardlabs.near,shardlabs.poolv1.near,,,18.92,1.64,3.81,6.25,0.00,N/A
69522689,2022-07-10 23:07,jakov-shardlabs.near,shardlabs.poolv1.near,,,20.55,1.63,3.81,6.21,0.00,N/A
69565889,2022-07-11 13:07,jakov-shardlabs.near,shardlabs.poolv1.near,,,22.18,1.63,3.53,5.75,0.00,N/A
69609089,2022-07-12 04:07,jakov-shardlabs.near,shardlabs.poolv1.near,,,23.80,1.62,3.23,5.24,0.00,N/A
69652289,2022-07-12 18:07,jakov-shardlabs.near,shardlabs.poolv1.near,,,25.43,1.63,3.23,5.27,0.00,N/A
69695489,2022-07-13 08:07,jakov-shardlabs.near,shardlabs.poolv1.near,,,27.05,1.62,3.20,5.19,0.00,N/A
69738689,2022-07-13 22:07,jakov-shardlabs.near,shardlabs.poolv1.near,,,28.66,1.61,3.20,5.16,0.00,N/A
69781889,2022-07-14 12:07,jakov-shardlabs.near,shardlabs.poolv1.near,,,30.29,1.63,3.33,5.43,0.00,N/A
69825089,2022-07-15 03:07,jakov-shardlabs.near,shardlabs.poolv1.near,,,31.91,1.62,3.49,5.65,0.00,N/A
69868289,2022-07-15 17:07,jakov-shardlabs.near,shardlabs.poolv1.near,,,33.54,1.63,3.49,5.69,0.00,N/A
69911489,2022-07-16 07:07,jakov-shardlabs.near,shardlabs.poolv1.near,,,35.20,1.66,3.50,5.81,0.00,N/A
69954689,2022-07-16 22:07,jakov-shardlabs.near,shardlabs.poolv1.near,,,36.84,1.64,3.50,5.74,0.00,N/A
69997889,2022-07-17 12:07,jakov-shardlabs.near,shardlabs.poolv1.near,,,38.49,1.65,3.65,6.02,0.00,N/A
70041089,2022-07-18 02:07,jakov-shardlabs.near,shardlabs.poolv1.near,,,40.12,1.63,3.54,5.77,0.00,N/A
70084289,2022-07-18 17:07,jakov-shardlabs.near,shardlabs.poolv1.near,,,41.84,1.72,3.54,6.09,0.00,N/A
70127489,2022-07-19 07:07,jakov-shardlabs.near,shardlabs.poolv1.near,,,43.56,1.72,4.07,7.01,0.00,N/A
70170689,2022-07-19 21:07,jakov-shardlabs.near,shardlabs.poolv1.near,,,45.27,1.71,4.07,6.96,0.00,N/A
70213889,2022-07-20 12:07,jakov-shardlabs.near,shardlabs.poolv1.near,,,45.27,0.00,4.55,0.00,0.00,N/A
70257089,2022-07-21 03:07,jakov-shardlabs.near,shardlabs.poolv1.near,,,45.27,0.00,4.20,0.00,0.00,N/A
70300289,2022-07-21 17:07,jakov-shardlabs.near,shardlabs.poolv1.near,,,45.27,0.00,4.20,0.00,0.00,N/A
70343489,2022-07-22 08:07,jakov-shardlabs.near,shardlabs.poolv1.near,,,45.27,0.00,4.38,0.00,0.00,N/A
70386689,2022-07-22 22:07,jakov-shardlabs.near,shardlabs.poolv1.near,,,47.03,1.76,4.38,7.70,0.00,N/A
70429889,2022-07-23 13:07,jakov-shardlabs.near,shardlabs.poolv1.near,,,47.03,0.00,4.33,0.00,0.00,N/A
70473089,2022-07-24 03:07,jakov-shardlabs.near,shardlabs.poolv1.near,,,47.03,0.00,4.32,0.00,0.00,N/A
70516289,2022-07-24 18:07,jakov-shardlabs.near,shardlabs.poolv1.near,,,47.03,0.00,4.32,0.00,0.00,N/A
70559489,2022-07-25 08:07,jakov-shardlabs.near,shardlabs.poolv1.near,,,47.03,0.00,4.36,0.00,0.00,N/A
70602689,2022-07-25 23:07,jakov-shardlabs.near,shardlabs.poolv1.near,,,47.03,0.00,4.36,0.00,0.00,N/A
70645889,2022-07-26 14:07,jakov-shardlabs.near,shardlabs.poolv1.near,,,47.03,0.00,3.79,0.00,0.00,N/A
70689089,2022-07-27 04:07,jakov-shardlabs.near,shardlabs.poolv1.near,,,47.03,0.00,3.75,0.00,0.00,N/A
70732289,2022-07-27 19:07,jakov-shardlabs.near,shardlabs.poolv1.near,,,47.03,0.00,3.75,0.00,0.00,N/A
70775489,2022-07-28 11:07,jakov-shardlabs.near,shardlabs.poolv1.near,,,47.03,0.00,4.14,0.00,0.00,N/A
70818689,2022-07-29 03:07,jakov-shardlabs.near,shardlabs.poolv1.near,,,47.03,0.00,4.36,0.00,0.00,N/A
70861889,2022-07-29 18:07,jakov-shardlabs.near,shardlabs.poolv1.near,,,47.03,0.00,4.36,0.00,0.00,N/A
70905089,2022-07-30 09:07,jakov-shardlabs.near,shardlabs.poolv1.near,,,47.03,0.00,4.40,0.00,0.00,N/A
70948289,2022-07-30 23:07,jakov-shardlabs.near,shardlabs.poolv1.near,,,47.03,0.00,4.40,0.00,0.00,N/A
70991489,2022-07-31 14:07,jakov-shardlabs.near,shardlabs.poolv1.near,,,47.03,0.00,4.35,0.00,0.00,N/A
71034689,2022-08-01 05:08,jakov-shardlabs.near,shardlabs.poolv1.near,,,47.03,0.00,4.25,0.00,0.00,N/A
71077889,2022-08-01 20:08,jakov-shardlabs.near,shardlabs.poolv1.near,,,N/A,0.00,0.00,4.25,0.00,47.03,No
71121089,2022-08-02 11:08,jakov-shardlabs.near,shardlabs.poolv1.near,,,0.00,0.00,4.29,0.00,47.03,No
71164289,2022-08-03 03:08,jakov-shardlabs.near,shardlabs.poolv1.near,,,0.00,0.00,4.32,0.00,47.03,No
71207489,2022-08-03 18:08,jakov-shardlabs.near,shardlabs.poolv1.near,,,2.18,2.18,4.32,9.42,47.03,No
71250689,2022-08-04 09:08,jakov-shardlabs.near,shardlabs.poolv1.near,,,4.36,2.18,4.53,9.88,47.03,Yes
71293889,2022-08-05 01:08,jakov-shardlabs.near,shardlabs.poolv1.near,,,6.51,2.15,4.43,9.53,47.03,Yes
71337089,2022-08-05 17:08,jakov-shardlabs.near,shardlabs.poolv1.near,,,8.69,2.18,4.43,9.67,47.03,Yes
71380289,2022-08-06 08:08,jakov-shardlabs.near,shardlabs.poolv1.near,,,10.94,2.25,5.20,11.70,47.03,Yes
71423489,2022-08-07 00:08,jakov-shardlabs.near,shardlabs.poolv1.near,,,13.19,2.25,4.92,11.06,47.03,Yes
71466689,2022-08-07 15:08,jakov-shardlabs.near,shardlabs.poolv1.near,,,15.34,2.15,4.92,10.57,47.03,Yes
71509889,2022-08-08 07:08,jakov-shardlabs.near,shardlabs.poolv1.near,,,17.52,2.18,4.99,10.88,47.03,Yes
71553089,2022-08-08 23:08,jakov-shardlabs.near,shardlabs.poolv1.near,,,19.74,2.22,4.99,11.08,47.03,Yes
71596289,2022-08-09 13:08,jakov-shardlabs.near,shardlabs.poolv1.near,,,21.96,2.22,5.50,12.22,47.03,Yes
71639489,2022-08-10 04:08,jakov-shardlabs.near,shardlabs.poolv1.near,,,24.05,2.09,5.38,11.24,47.03,Yes
71682689,2022-08-10 19:08,jakov-shardlabs.near,shardlabs.poolv1.near,,,26.16,2.11,5.38,11.35,47.03,Yes
71725889,2022-08-11 10:08,jakov-shardlabs.near,shardlabs.poolv1.near,,,28.24,2.08,5.88,12.24,47.03,Yes
71769089,2022-08-12 01:08,jakov-shardlabs.near,shardlabs.poolv1.near,,,30.30,2.06,5.76,11.86,47.03,Yes
71812289,2022-08-12 16:08,jakov-shardlabs.near,shardlabs.poolv1.near,,,32.40,2.10,5.76,12.09,47.03,Yes
71855489,2022-08-13 06:08,jakov-shardlabs.near,shardlabs.poolv1.near,,,34.46,2.06,6.00,12.35,47.03,Yes
71898689,2022-08-13 21:08,jakov-shardlabs.near,shardlabs.poolv1.near,,,36.51,2.05,6.00,12.29,47.03,Yes
71941889,2022-08-14 12:08,jakov-shardlabs.near,shardlabs.poolv1.near,,,38.59,2.08,5.87,12.21,47.03,Yes
71985089,2022-08-15 02:08,jakov-shardlabs.near,shardlabs.poolv1.near,,,40.60,2.01,5.61,11.28,47.03,Yes
72028289,2022-08-15 16:08,jakov-shardlabs.near,shardlabs.poolv1.near,,,42.61,2.01,5.61,11.28,47.03,Yes
72071489,2022-08-16 07:08,jakov-shardlabs.near,shardlabs.poolv1.near,,,44.62,2.01,5.42,10.89,47.03,Yes
72114689,2022-08-16 21:08,jakov-shardlabs.near,shardlabs.poolv1.near,,,46.62,2.00,5.42,10.83,47.03,Yes
72157889,2022-08-17 12:08,jakov-shardlabs.near,shardlabs.poolv1.near,,,48.65,2.03,5.29,10.73,47.03,Yes
72201089,2022-08-18 02:08,jakov-shardlabs.near,shardlabs.poolv1.near,,,50.66,2.01,4.97,9.99,47.03,Yes
72244289,2022-08-18 17:08,jakov-shardlabs.near,shardlabs.poolv1.near,,,52.72,2.06,4.97,10.24,47.03,Yes
72287489,2022-08-19 07:08,jakov-shardlabs.near,shardlabs.poolv1.near,,,54.81,2.09,4.86,10.16,47.03,Yes
72330689,2022-08-19 22:08,jakov-shardlabs.near,shardlabs.poolv1.near,,,56.93,2.12,4.86,10.30,47.03,Yes
72373889,2022-08-20 13:08,jakov-shardlabs.near,shardlabs.poolv1.near,,,59.06,2.13,4.27,9.09,47.03,Yes
72417089,2022-08-21 05:08,jakov-shardlabs.near,shardlabs.poolv1.near,,,61.23,2.17,4.16,9.02,47.03,Yes
72460289,2022-08-21 21:08,jakov-shardlabs.near,shardlabs.poolv1.near,,,62.29,1.06,4.16,4.41,47.03,Yes
72503489,2022-08-22 12:08,jakov-shardlabs.near,shardlabs.poolv1.near,,,64.51,2.22,4.24,9.41,47.03,Yes
72546689,2022-08-23 02:08,jakov-shardlabs.near,shardlabs.poolv1.near,,,66.65,2.14,4.12,8.82,47.03,Yes
72589889,2022-08-23 17:08,jakov-shardlabs.near,shardlabs.poolv1.near,,,68.77,2.12,4.12,8.74,47.03,Yes
72633089,2022-08-24 08:08,jakov-shardlabs.near,shardlabs.poolv1.near,,,70.92,2.15,4.31,9.26,47.03,Yes
72676289,2022-08-24 22:08,jakov-shardlabs.near,shardlabs.poolv1.near,,,73.05,2.13,4.31,9.17,47.03,Yes
72719489,2022-08-25 13:08,jakov-shardlabs.near,shardlabs.poolv1.near,,,75.15,2.10,4.27,8.98,47.03,Yes
72762689,2022-08-26 04:08,jakov-shardlabs.near,shardlabs.poolv1.near,,,77.28,2.13,4.33,9.21,47.03,Yes
72805889,2022-08-26 18:08,jakov-shardlabs.near,shardlabs.poolv1.near,,,79.41,2.13,4.33,9.21,47.03,Yes
72849089,2022-08-27 09:08,jakov-shardlabs.near,shardlabs.poolv1.near,,,80.90,1.49,3.94,5.87,47.03,Yes
72892289,2022-08-27 23:08,jakov-shardlabs.near,shardlabs.poolv1.near,,,82.99,2.09,3.94,8.23,47.03,Yes
72935489,2022-08-28 14:08,jakov-shardlabs.near,shardlabs.poolv1.near,,,85.08,2.09,3.93,8.21,47.03,Yes
72978689,2022-08-29 05:08,jakov-shardlabs.near,shardlabs.poolv1.near,,,87.19,2.11,3.78,7.97,47.03,Yes
73021889,2022-08-29 20:08,jakov-shardlabs.near,shardlabs.poolv1.near,,,89.30,2.11,3.78,7.97,47.03,Yes
73065089,2022-08-30 10:08,jakov-shardlabs.near,shardlabs.poolv1.near,,,91.43,2.13,4.04,8.60,47.03,Yes
73108289,2022-08-31 02:08,jakov-shardlabs.near,shardlabs.poolv1.near,,,93.59,2.16,4.21,9.09,47.03,Yes
73151489,2022-08-31 17:08,jakov-shardlabs.near,shardlabs.poolv1.near,,,95.77,2.18,4.21,9.17,47.03,Yes
73194689,2022-09-01 08:09,jakov-shardlabs.near,shardlabs.poolv1.near,,,95.77,2.18,2.18,4.36,9.51,142.80,No
73237889,2022-09-01 23:09,jakov-shardlabs.near,shardlabs.poolv1.near,,,4.36,2.18,4.36,9.51,142.80,No
73281089,2022-09-02 14:09,jakov-shardlabs.near,shardlabs.poolv1.near,,,6.54,2.18,4.35,9.47,142.80,No
73324289,2022-09-03 05:09,jakov-shardlabs.near,shardlabs.poolv1.near,,,8.55,2.01,4.18,8.40,142.80,No
73367489,2022-09-03 19:09,jakov-shardlabs.near,shardlabs.poolv1.near,,,10.61,2.06,4.18,8.61,142.80,Yes
73410689,2022-09-04 10:09,jakov-shardlabs.near,shardlabs.poolv1.near,,,12.58,1.97,4.16,8.20,142.80,Yes
73453889,2022-09-05 00:09,jakov-shardlabs.near,shardlabs.poolv1.near,,,14.53,1.95,4.24,8.26,142.80,Yes
73497089,2022-09-05 15:09,jakov-shardlabs.near,shardlabs.poolv1.near,,,14.53,0.00,4.24,0.00,142.80,Yes
73540289,2022-09-06 06:09,jakov-shardlabs.near,shardlabs.poolv1.near,,,16.47,1.94,4.23,8.21,142.80,Yes
73583489,2022-09-06 21:09,jakov-shardlabs.near,shardlabs.poolv1.near,,,18.46,1.99,4.23,8.42,142.80,Yes
73626689,2022-09-07 13:09,jakov-shardlabs.near,shardlabs.poolv1.near,,,18.46,0.00,4.08,0.00,142.80,Yes
73669889,2022-09-08 04:09,jakov-shardlabs.near,shardlabs.poolv1.near,,,20.58,2.12,4.38,9.28,142.80,Yes
73713089,2022-09-08 20:09,jakov-shardlabs.near,shardlabs.poolv1.near,,,22.68,2.10,4.38,9.19,142.80,Yes
73756289,2022-09-09 11:09,jakov-shardlabs.near,shardlabs.poolv1.near,,,24.78,2.10,4.68,9.83,142.80,Yes
73799489,2022-09-10 04:09,jakov-shardlabs.near,shardlabs.poolv1.near,,,26.90,2.12,4.82,10.22,142.80,Yes
73842689,2022-09-10 19:09,jakov-shardlabs.near,shardlabs.poolv1.near,,,29.10,2.20,4.82,10.61,142.80,Yes
73885889,2022-09-11 10:09,jakov-shardlabs.near,shardlabs.poolv1.near,,,31.20,2.10,4.81,10.11,142.80,Yes
73929089,2022-09-12 01:09,jakov-shardlabs.near,shardlabs.poolv1.near,,,33.23,2.03,4.88,9.91,142.80,Yes
73972289,2022-09-12 16:09,jakov-shardlabs.near,shardlabs.poolv1.near,,,35.27,2.04,4.88,9.96,142.80,Yes
74015489,2022-09-13 08:09,jakov-shardlabs.near,shardlabs.poolv1.near,,,35.27,0.00,5.06,0.00,142.80,Yes
74058689,2022-09-14 00:09,jakov-shardlabs.near,shardlabs.poolv1.near,,,35.27,0.00,4.43,0.00,142.80,Yes
74101889,2022-09-14 16:09,jakov-shardlabs.near,shardlabs.poolv1.near,,,35.27,0.00,4.43,0.00,142.80,Yes
74145089,2022-09-15 08:09,jakov-shardlabs.near,shardlabs.poolv1.near,,,37.49,2.22,4.51,10.02,142.80,Yes
74188290,2022-09-16 00:09,jakov-shardlabs.near,shardlabs.poolv1.near,,,39.45,1.96,4.18,8.19,142.80,Yes
74231490,2022-09-16 16:09,jakov-shardlabs.near,shardlabs.poolv1.near,,,41.71,2.26,4.18,9.44,142.80,Yes
74274690,2022-09-17 08:09,jakov-shardlabs.near,shardlabs.poolv1.near,,,43.91,2.20,4.19,9.23,142.80,Yes
74317890,2022-09-17 23:09,jakov-shardlabs.near,shardlabs.poolv1.near,,,46.27,2.36,4.19,9.90,142.80,Yes
74361090,2022-09-18 15:09,jakov-shardlabs.near,shardlabs.poolv1.near,,,48.42,2.15,4.38,9.42,142.80,Yes
74404290,2022-09-19 06:09,jakov-shardlabs.near,shardlabs.poolv1.near,,,50.62,2.20,3.91,8.60,142.80,Yes
74447490,2022-09-19 22:09,jakov-shardlabs.near,shardlabs.poolv1.near,,,52.83,2.21,3.91,8.64,142.80,Yes
74490690,2022-09-20 13:09,jakov-shardlabs.near,shardlabs.poolv1.near,,,55.02,2.19,4.06,8.90,142.80,Yes
74533890,2022-09-21 04:09,jakov-shardlabs.near,shardlabs.poolv1.near,,,57.16,2.14,3.81,8.16,142.80,Yes
74577090,2022-09-21 20:09,jakov-shardlabs.near,shardlabs.poolv1.near,,,59.30,2.14,3.81,8.16,142.80,Yes
74620290,2022-09-22 11:09,jakov-shardlabs.near,shardlabs.poolv1.near,,,61.47,2.17,3.66,7.95,142.80,Yes
74663490,2022-09-23 02:09,jakov-shardlabs.near,shardlabs.poolv1.near,,,63.63,2.16,3.87,8.37,142.80,Yes
74706690,2022-09-23 17:09,jakov-shardlabs.near,shardlabs.poolv1.near,,,63.63,0.00,3.87,0.00,142.80,Yes
74749890,2022-09-24 08:09,jakov-shardlabs.near,shardlabs.poolv1.near,,,63.63,0.00,3.79,0.00,142.80,Yes
74793090,2022-09-24 23:09,jakov-shardlabs.near,shardlabs.poolv1.near,,,63.63,0.00,3.79,0.00,142.80,Yes
74836290,2022-09-25 13:09,jakov-shardlabs.near,shardlabs.poolv1.near,,,63.63,0.00,3.70,0.00,142.80,Yes
74879490,2022-09-26 04:09,jakov-shardlabs.near,shardlabs.poolv1.near,,,63.63,0.00,3.65,0.00,142.80,Yes
74922690,2022-09-26 18:09,jakov-shardlabs.near,shardlabs.poolv1.near,,,63.63,0.00,3.65,0.00,142.80,Yes
74965890,2022-09-27 09:09,jakov-shardlabs.near,shardlabs.poolv1.near,,,63.63,0.00,3.67,0.00,142.80,Yes
75009090,2022-09-27 23:09,jakov-shardlabs.near,shardlabs.poolv1.near,,,63.63,0.00,3.67,0.00,142.80,Yes
75052290,2022-09-28 13:09,jakov-shardlabs.near,shardlabs.poolv1.near,,,63.63,0.00,3.62,0.00,142.80,Yes
75095490,2022-09-29 03:09,jakov-shardlabs.near,shardlabs.poolv1.near,,,63.63,0.00,3.58,0.00,142.80,Yes
75138690,2022-09-29 19:09,jakov-shardlabs.near,shardlabs.poolv1.near,,,63.63,0.00,3.58,0.00,142.80,Yes
75181890,2022-09-30 11:09,jakov-shardlabs.near,shardlabs.poolv1.near,,,63.63,0.00,3.58,0.00,142.80,Yes
75225090,2022-10-01 02:10,jakov-shardlabs.near,shardlabs.poolv1.near,,,63.80,0.17,3.56,0.61,142.80,Yes
75268290,2022-10-01 06:10,jakov-shardlabs.near,shardlabs.poolv1.near,,,65.78,1.98,3.56,7.05,142.80,Yes